A3s,dA3s,A,dA,mu,dmu,FWHM,dFWHM,a0,da0,a1,da1,fLarmor,dfLarmor,diffLarmor,ddiffLarmor,maxIntensity,polarisation,dpolarisation,Chi2,NDoF,Red. Chi2
3234.8009472476565,56.87531052440643,3155.845922585382,52.65728467036972,53044.04615201124,1.46165958453916,227.5535349033176,6.59559834754242,100.69436542057421,27.199855861454278,-0.0014439637613816725,0.0005119365442273643,53133.5190825185,59.310870335029165,89.47293050726148,59.32887820142665,31.80845068321729,-0.4870240719080996,0.05161554752978906,131.09647595726938,77,1.7025516358086932
