A3s,dA3s,A,dA,mu,dmu,FWHM,dFWHM,a0,da0,a1,da1,Polarisation,fLarmor,dfLarmor,diffLarmor,ddiffLarmor,maxIntensity,Chi2,NDoF,Red. Chi2
3490.152218309841,,3155.846204405142,52.657363960006656,53044.0461531296,1.4616598943106816,227.553581862742,6.59561621854585,100.69436226413107,27.199855876848535,-0.00144396376735334,0.0005119365463657269,0.5571548959623694,53133.5190825185,59.310870335029165,89.47292938889586,59.32887820905835,31.808447405509806,131.09647595508392,77,1.7025516357803105
